{"cameraMode":{"drawMode":0,"name":"Shaded","section":"Shading Mode"},"sceneLighting":false,"audioPlay":false,"sceneViewState":{"showFog":true,"showMaterialUpdate":false,"showSkybox":false,"showFlares":true,"showImageEffects":true,"showParticleSystems":true},"in2DMode":false,"pivot":{"x":-4.351048469543457,"y":-1.9260988235473633,"z":6.855890274047852},"rotation":{"x":-0.16184574365615846,"y":0.685206949710846,"z":-0.16029925644397736,"w":-0.6918182373046875},"size":9.622747421264649,"orthographic":false}